use clinic_db;
delete from billing;
delete from patient_medicine;
delete from medical_inventory;
delete from appointment;
delete from employee;
delete from department;
delete from user;
delete from patient;

insert into user (user_id, user_name, password, user_role, is_deleted) values ('d0', 'dastill0', 'fZ7!5gl8yc', 'doctor', FALSE);
insert into user (user_id, user_name, password, user_role, is_deleted) values ('d1', 'nplayford1', 'bT0)~V(+_Oi7', 'doctor', FALSE);
insert into user (user_id, user_name, password, user_role, is_deleted) values ('d2', 'santonioni2', 'jF8&t}E+N', 'doctor', FALSE);
insert into user (user_id, user_name, password, user_role, is_deleted) values ('d3', 'tpakenham3', 'kK9<UHKVq!=Q3', 'doctor', TRUE);
insert into user (user_id, user_name, password, user_role, is_deleted) values ('d4', 'ptunesi4', 'sL3@c~@v2B1)3eK', 'doctor', FALSE);
insert into user (user_id, user_name, password, user_role, is_deleted) values ('d5', 'cspehr5', 'zV2"g,E7', 'doctor', FALSE);

insert into user (user_id, user_name, password, user_role, is_deleted) values ('p0', 'jchatelot0', 'cJ3|YI)7f@~>F', 'patient', FALSE);
insert into user (user_id, user_name, password, user_role, is_deleted) values ('p1', 'ckeppin1', 'jZ9)nXG0n,h', 'patient', FALSE);
insert into user (user_id, user_name, password, user_role, is_deleted) values ('p2', 'aklesse2', 'fV0/9.u~@', 'patient', FALSE);
insert into user (user_id, user_name, password, user_role, is_deleted) values ('p3', 'acaccavella3', 'mY6>nlimbHa|5=', 'patient', FALSE);
insert into user (user_id, user_name, password, user_role, is_deleted) values ('p4', 'sbannon4', 'dT2_r|xG', 'patient', FALSE);
insert into user (user_id, user_name, password, user_role, is_deleted) values ('p5', 'jgallager5', 'dA5*yPL0P"sY5*f', 'patient', FALSE);
insert into user (user_id, user_name, password, user_role, is_deleted) values ('p6', 'adrabble6', 'bH5~0v/6w@ZM87`', 'patient', FALSE);
insert into user (user_id, user_name, password, user_role, is_deleted) values ('p7', 'gbeadham7', 'uN5&qqcr*', 'patient', FALSE);
insert into user (user_id, user_name, password, user_role, is_deleted) values ('p8', 'zdreigher8', 'kM1|v&.5', 'patient', FALSE);
insert into user (user_id, user_name, password, user_role, is_deleted) values ('p9', 'dpietrasik9', 'yA7`+PvRm@jM', 'patient', FALSE);
insert into user (user_id, user_name, password, user_role, is_deleted) values ('p10', 'sfeldberga', 'fB2/aH39O9''', 'patient', FALSE);
insert into user (user_id, user_name, password, user_role, is_deleted) values ('p11', 'cmcilreavyb', 'dH5_4p9|/Ou$kk', 'patient', FALSE);
insert into user (user_id, user_name, password, user_role, is_deleted) values ('p12', 'ltropmanc', 'sI0@&yBC+8Tn$', 'patient', FALSE);
insert into user (user_id, user_name, password, user_role, is_deleted) values ('p13', 'twittked', 'wZ1=E|y!XTc', 'patient', FALSE);
insert into user (user_id, user_name, password, user_role, is_deleted) values ('p14', 'emoizere', 'mY1@7Ht3kd~5''bEm', 'patient', FALSE);
insert into user (user_id, user_name, password, user_role, is_deleted) values ('p15', 'cmathiesonf', 'fO5<L4ufS~Bf8aBr', 'patient', FALSE);
insert into user (user_id, user_name, password, user_role, is_deleted) values ('p16', 'npeterking', 'tT0>Jn<V,.#', 'patient', TRUE);
insert into user (user_id, user_name, password, user_role, is_deleted) values ('p17', 'gpotzoldh', 'lZ8@O''_+T', 'patient', FALSE);
insert into user (user_id, user_name, password, user_role, is_deleted) values ('p18', 'thardagei', 'oB1@!OM_Tb', 'patient', FALSE);
insert into user (user_id, user_name, password, user_role, is_deleted) values ('p19', 'rsilversmidj1', 'zR9|Pv?nwI#a4', 'patient', TRUE);
-- insert into user (user_id, user_name, password, user_role, is_deleted) values ('p20', 'rsilversmidj2', 'zR9|Pv?nwI#a4', 'patient', TRUE);
-- insert into user (user_id, user_name, password, user_role, is_deleted) values ('p21', 'rsilversmidj3', 'zR9|Pv?nwI#a4', 'patient', TRUE);
-- insert into user (user_id, user_name, password, user_role, is_deleted) values ('p22', 'rsilversmidj4', 'zR9|Pv?nwI#a4', 'patient', TRUE);
-- insert into user (user_id, user_name, password, user_role, is_deleted) values ('p23', 'rsilversmidj5', 'zR9|Pv?nwI#a4', 'patient', TRUE);
-- insert into user (user_id, user_name, password, user_role, is_deleted) values ('p24', 'rsilversmidj6', 'zR9|Pv?nwI#a4', 'patient', TRUE);
-- insert into user (user_id, user_name, password, user_role, is_deleted) values ('p25', 'rsilversmidj7', 'zR9|Pv?nwI#a4', 'patient', TRUE);
-- insert into user (user_id, user_name, password, user_role, is_deleted) values ('p26', 'rsilversmidj8', 'zR9|Pv?nwI#a4', 'patient', TRUE);
-- insert into user (user_id, user_name, password, user_role, is_deleted) values ('p27', 'rsilversmidj9', 'zR9|Pv?nwI#a4', 'patient', TRUE);
-- insert into user (user_id, user_name, password, user_role, is_deleted) values ('p28', 'rsilversmidj10', 'zR9|Pv?nwI#a4', 'patient', TRUE);
-- insert into user (user_id, user_name, password, user_role, is_deleted) values ('p29', 'rsilversmidj11', 'zR9|Pv?nwI#a4', 'patient', TRUE);
insert into user (user_id, user_name, password, user_role, is_deleted) values ('p20', 'kshillitto0', 'rA2$A/<HfQ}k', 'patient', FALSE);
insert into user (user_id, user_name, password, user_role, is_deleted) values ('p21', 'fgibling1', 'qA8}Tkep', 'patient', FALSE);
insert into user (user_id, user_name, password, user_role, is_deleted) values ('p22', 'sdudgeon2', 'bC4/z@K5+<@S', 'patient', FALSE);
insert into user (user_id, user_name, password, user_role, is_deleted) values ('p23', 'cbedle3', 'oK9''qot1f', 'patient', FALSE);
insert into user (user_id, user_name, password, user_role, is_deleted) values ('p24', 'spettengell4', 'tB6>q6x}$Da', 'patient', TRUE);
insert into user (user_id, user_name, password, user_role, is_deleted) values ('p25', 'msicely5', 'jM2`e"@7Jxxt', 'patient', FALSE);
insert into user (user_id, user_name, password, user_role, is_deleted) values ('p26', 'gdilliston6', 'tL1*=0''9A2NJ}S', 'patient', TRUE);
insert into user (user_id, user_name, password, user_role, is_deleted) values ('p27', 'bgladdin7', 'wY7?Qp{GA~sY{/', 'patient', FALSE);
insert into user (user_id, user_name, password, user_role, is_deleted) values ('p28', 'jsieghart8', 'gF4##hD@NWHgZxS$', 'patient', FALSE);
insert into user (user_id, user_name, password, user_role, is_deleted) values ('p29', 'lgrigoire9', 'mX0"Uy%0K', 'patient', FALSE);

insert into user (user_id, user_name, password, user_role, is_deleted) values ('r0', 'cgallaher0', 'sG1=d>Ku+z*', 'receptionist', FALSE);
insert into user (user_id, user_name, password, user_role, is_deleted) values ('r1', 'speidro1', 'hK1|T@wyu', 'receptionist', FALSE);
insert into user (user_id, user_name, password, user_role, is_deleted) values ('r2', 'gmullis2', 'jC1*La4RQCDP', 'receptionist', FALSE);
insert into user (user_id, user_name, password, user_role, is_deleted) values ('r3', 'aloweth3', 'cA6?6Wcut~Q(fX9R', 'receptionist', FALSE);

insert into user (user_id, user_name, password, user_role, is_deleted) values ('ad', 'fstanney0', 'rA1&g"m<}v>', 'admin', FALSE);

insert into user (user_id, user_name, password, user_role, is_deleted) values ('i0', 'kpickles0', 'gK7,Pm!>zV6/&e?o', 'inventory manager', FALSE);

insert into patient (patient_id, patient_fname, patient_lname, patient_email, patient_phone, patient_address, patient_dob, medical_data) values ('p0', 'Marsh', 'Canton', 'mcanton0@cloudflare.com', '+54 (268) 382-7707', '95581 Bluestem Hill, Room 783', '2007-08-01', 'anxiety');
insert into patient (patient_id, patient_fname, patient_lname, patient_email, patient_phone, patient_address, patient_dob, medical_data) values ('p1', 'Cheryl', 'Siseland', 'csiseland1@cocolog-nifty.com', '+234 (109) 781-7793', '73 Kings Place, Room 712', '2022-02-05', 'hypertension');
insert into patient (patient_id, patient_fname, patient_lname, patient_email, patient_phone, patient_address, patient_dob, medical_data) values ('p2', 'Nicolea', 'Jayume', 'njayume2@g.co', '+86 (653) 721-3088', '0589 Kingsford Drive, Room 1998', '1974-08-03', 'hypertension');
insert into patient (patient_id, patient_fname, patient_lname, patient_email, patient_phone, patient_address, patient_dob, medical_data) values ('p3', 'Blisse', 'Rizzardini', 'brizzardini3@squarespace.com', '+63 (245) 632-9526', '0383 Schmedeman Plaza, 12th Floor', '1976-01-12', 'arthritis');
insert into patient (patient_id, patient_fname, patient_lname, patient_email, patient_phone, patient_address, patient_dob, medical_data) values ('p4', 'Liliane', 'Borchardt', 'lborchardt4@nyu.edu', '+7 (403) 497-8210', '59553 Bartillon Circle, Suite 59', '1994-06-29', 'headache');
insert into patient (patient_id, patient_fname, patient_lname, patient_email, patient_phone, patient_address, patient_dob, medical_data) values ('p5', 'Karolina', 'Scibsey', 'kscibsey5@google.com.br', '+86 (458) 882-4537', '8 Kensington Road, Apt 1165', '2007-11-02', 'hypertension');
insert into patient (patient_id, patient_fname, patient_lname, patient_email, patient_phone, patient_address, patient_dob, medical_data) values ('p6', 'Shaun', 'Wickwar', 'swickwar6@hatena.ne.jp', '+351 (295) 676-9055', '266 Crowley Hill, Suite 31', '2007-11-10', 'depression');
insert into patient (patient_id, patient_fname, patient_lname, patient_email, patient_phone, patient_address, patient_dob, medical_data) values ('p7', 'Kriste', 'Hyndman', 'khyndman7@cloudflare.com', '+86 (747) 717-8449', '96 Thierer Drive, Room 1164', '1980-05-19', 'insomnia');
insert into patient (patient_id, patient_fname, patient_lname, patient_email, patient_phone, patient_address, patient_dob, medical_data) values ('p8', 'Faith', 'McClancy', 'fmcclancy8@nifty.com', '+86 (589) 354-5916', '7802 Northridge Trail, Room 1361', '2010-04-23', 'diabetes');
insert into patient (patient_id, patient_fname, patient_lname, patient_email, patient_phone, patient_address, patient_dob, medical_data) values ('p9', 'Skelly', 'Dennington', 'sdennington9@yale.edu', '+509 (970) 599-1734', '4 Mandrake Road, Apt 94', '2001-06-06', 'influenza');
insert into patient (patient_id, patient_fname, patient_lname, patient_email, patient_phone, patient_address, patient_dob, medical_data) values ('p10', 'Kyla', 'Newdick', 'knewdicka@163.com', '+256 (323) 507-0581', '86 Clemons Crossing, Apt 487', '1962-12-31', 'pneumonia');
insert into patient (patient_id, patient_fname, patient_lname, patient_email, patient_phone, patient_address, patient_dob, medical_data) values ('p11', 'Burr', 'Dutnall', 'bdutnallb@usatoday.com', '+972 (795) 350-2774', '2524 Tennessee Circle, Apt 390', '2010-09-25', 'bronchitis');
insert into patient (patient_id, patient_fname, patient_lname, patient_email, patient_phone, patient_address, patient_dob, medical_data) values ('p12', 'Dorthea', 'Gillbee', 'dgillbeec@psu.edu', '+1 (540) 860-2416', '2401 Morningstar Street, Apt 1763', '2018-11-25', 'influenza');
insert into patient (patient_id, patient_fname, patient_lname, patient_email, patient_phone, patient_address, patient_dob, medical_data) values ('p13', 'Claresta', 'Rottery', 'crotteryd@surveymonkey.com', '+351 (876) 716-2827', '7963 Graedel Plaza, Suite 98', '1965-08-16', 'diabetes');
insert into patient (patient_id, patient_fname, patient_lname, patient_email, patient_phone, patient_address, patient_dob, medical_data) values ('p14', 'Pearle', 'Fairall', 'pfairalle@desdev.cn', '+57 (281) 469-6068', '455 Rockefeller Alley, 3rd Floor', '1972-04-17', 'bronchitis');
insert into patient (patient_id, patient_fname, patient_lname, patient_email, patient_phone, patient_address, patient_dob, medical_data) values ('p15', 'Jeffy', 'Readshall', 'jreadshallf@house.gov', '+86 (670) 824-4705', '8534 Prairie Rose Hill, Suite 5', '1987-01-09', 'insomnia');
insert into patient (patient_id, patient_fname, patient_lname, patient_email, patient_phone, patient_address, patient_dob, medical_data) values ('p16', 'Olympie', 'Simmill', 'osimmillg@yahoo.com', '+92 (721) 475-8942', '88 Lerdahl Alley, Apt 1947', '1999-11-30', 'migraine');
insert into patient (patient_id, patient_fname, patient_lname, patient_email, patient_phone, patient_address, patient_dob, medical_data) values ('p17', 'Stephi', 'Sheehy', 'ssheehyh@dropbox.com', '+48 (235) 188-5700', '4441 Lakewood Road, Apt 165', '1976-07-13', 'allergies');
insert into patient (patient_id, patient_fname, patient_lname, patient_email, patient_phone, patient_address, patient_dob, medical_data) values ('p18', 'Darbee', 'Gozard', 'dgozardi@mayoclinic.com', '+51 (884) 440-8156', '22467 Manufacturers Hill, Room 1723', '2021-09-01', 'diabetes');
insert into patient (patient_id, patient_fname, patient_lname, patient_email, patient_phone, patient_address, patient_dob, medical_data) values ('p19', 'Dorie', 'Kovelmann', 'dkovelmannj@redcross.org', '+86 (272) 847-0296', '53568 Dapin Trail, Room 345', '1980-05-27', 'obesity');
-- insert into patient (patient_id, patient_fname, patient_lname, patient_email, patient_phone, patient_address, patient_dob, medical_data) values ('p20', 'Oidipous', 'Wigmund', 'o.Wigmund@redcross.org', '+86 (272) 847-0296', '53568 Dapin Trail, Room 345', '1980-05-27', 'obesity');
-- insert into patient (patient_id, patient_fname, patient_lname, patient_email, patient_phone, patient_address, patient_dob, medical_data) values ('p21', 'Dorie', 'Kovelmann', 'dkovelmannj@redcross.org', '+86 (272) 847-0296', '53568 Dapin Trail, Room 345', '1980-05-27', 'obesity');
-- insert into patient (patient_id, patient_fname, patient_lname, patient_email, patient_phone, patient_address, patient_dob, medical_data) values ('p22', 'Dorie', 'Kovelmann', 'dkovelmannj@redcross.org', '+86 (272) 847-0296', '53568 Dapin Trail, Room 345', '1980-05-27', 'obesity');
-- insert into patient (patient_id, patient_fname, patient_lname, patient_email, patient_phone, patient_address, patient_dob, medical_data) values ('p23', 'Dorie', 'Kovelmann', 'dkovelmannj@redcross.org', '+86 (272) 847-0296', '53568 Dapin Trail, Room 345', '1980-05-27', 'obesity');
-- insert into patient (patient_id, patient_fname, patient_lname, patient_email, patient_phone, patient_address, patient_dob, medical_data) values ('p24', 'Dorie', 'Kovelmann', 'dkovelmannj@redcross.org', '+86 (272) 847-0296', '53568 Dapin Trail, Room 345', '1980-05-27', 'obesity');
-- insert into patient (patient_id, patient_fname, patient_lname, patient_email, patient_phone, patient_address, patient_dob, medical_data) values ('p25', 'Dorie', 'Kovelmann', 'dkovelmannj@redcross.org', '+86 (272) 847-0296', '53568 Dapin Trail, Room 345', '1980-05-27', 'obesity');
-- insert into patient (patient_id, patient_fname, patient_lname, patient_email, patient_phone, patient_address, patient_dob, medical_data) values ('p26', 'Dorie', 'Kovelmann', 'dkovelmannj@redcross.org', '+86 (272) 847-0296', '53568 Dapin Trail, Room 345', '1980-05-27', 'obesity');
-- insert into patient (patient_id, patient_fname, patient_lname, patient_email, patient_phone, patient_address, patient_dob, medical_data) values ('p27', 'Dorie', 'Kovelmann', 'dkovelmannj@redcross.org', '+86 (272) 847-0296', '53568 Dapin Trail, Room 345', '1980-05-27', 'obesity');
-- insert into patient (patient_id, patient_fname, patient_lname, patient_email, patient_phone, patient_address, patient_dob, medical_data) values ('p28', 'Dorie', 'Kovelmann', 'dkovelmannj@redcross.org', '+86 (272) 847-0296', '53568 Dapin Trail, Room 345', '1980-05-27', 'obesity');
-- insert into patient (patient_id, patient_fname, patient_lname, patient_email, patient_phone, patient_address, patient_dob, medical_data) values ('p29', 'Dorie', 'Kovelmann', 'dkovelmannj@redcross.org', '+86 (272) 847-0296', '53568 Dapin Trail, Room 345', '1980-05-27', 'obesity');
insert into patient (patient_id, patient_fname, patient_lname, patient_email, patient_phone, patient_address, patient_dob, medical_data) values ('p20', 'Starlene', 'Srawley', 'ssrawley0@hostgator.com', '+62 (199) 164-0290', '77322 Eastwood Crossing, Room 1195', '2016-03-09', 'fatigue');
insert into patient (patient_id, patient_fname, patient_lname, patient_email, patient_phone, patient_address, patient_dob, medical_data) values ('p21', 'Nettie', 'Wrightem', 'nwrightem1@hatena.ne.jp', '+255 (989) 745-5046', '039 Sutherland Point, Room 2219', '2012-11-07', 'chest pain');
insert into patient (patient_id, patient_fname, patient_lname, patient_email, patient_phone, patient_address, patient_dob, medical_data) values ('p22', 'Isacco', 'Durn', 'idurn2@flickr.com', '+351 (905) 824-1513', '117 Crownhardt Court, Suite 16', '2017-12-06', 'sore throat');
insert into patient (patient_id, patient_fname, patient_lname, patient_email, patient_phone, patient_address, patient_dob, medical_data) values ('p23', 'Zara', 'Figgess', 'zfiggess3@aol.com', '+52 (680) 481-3800', '350 Nancy Trail, Suite 69', '2008-08-18', 'fatigue');
insert into patient (patient_id, patient_fname, patient_lname, patient_email, patient_phone, patient_address, patient_dob, medical_data) values ('p24', 'Aleta', 'Zavattari', 'azavattari4@unblog.fr', '+31 (421) 964-5893', '95 Farmco Point, 17th Floor', '2018-03-09', 'chest pain');
insert into patient (patient_id, patient_fname, patient_lname, patient_email, patient_phone, patient_address, patient_dob, medical_data) values ('p25', 'Mack', 'Rosita', 'mrosita5@godaddy.com', '+359 (320) 571-9167', '41666 Nancy Avenue, Room 26884', '2014-02-13', 'nausea');
insert into patient (patient_id, patient_fname, patient_lname, patient_email, patient_phone, patient_address, patient_dob, medical_data) values ('p26', 'Michelle', 'Danielis', 'mdanielis6@aboutads.info', '+356 (509) 652-9268', '3 Green Terrace, Suite 8', '2012-08-25', 'chest pain');
insert into patient (patient_id, patient_fname, patient_lname, patient_email, patient_phone, patient_address, patient_dob, medical_data) values ('p27', 'Arron', 'Forseith', 'aforseith7@wsj.com', '+420 (482) 398-3877', '28088 Northwestern Terrace, 10th Floor', '2016-05-12', 'cough');
insert into patient (patient_id, patient_fname, patient_lname, patient_email, patient_phone, patient_address, patient_dob, medical_data) values ('p28', 'Hermia', 'Brayshaw', 'hbrayshaw8@alibaba.com', '+1 (248) 557-6792', '008 Artisan Pass, Suite 1', '2016-08-11', 'cough');
insert into patient (patient_id, patient_fname, patient_lname, patient_email, patient_phone, patient_address, patient_dob, medical_data) values ('p29', 'Lind', 'Gerler', 'lgerler9@diigo.com', '+976 (926) 357-8648', '31565 Pond Plaza, Suite 48', '2014-09-27', 'headache');



insert into department (department_code, department_name) values ('dc0', 'Cardiology');
insert into department (department_code, department_name) values ('dc1', 'Dermatology');
insert into department (department_code, department_name) values ('dc2', 'Gastroenterology');
insert into department (department_code, department_name) values ('dc3', 'Neurology');
insert into department (department_code, department_name) values ('dc4', 'Orthopedics');
insert into department (department_code, department_name) values ('dc5', 'reception');
insert into department (department_code, department_name) values ('dc6', 'inventory');

insert into employee (employee_id, department_code, employee_fname, employee_lname, employee_address, employee_email, employee_phone, employee_designation) values ('r0', 'dc5', 'Sampson', 'Robroe', '581 Tennyson Street, Suite 73', 'srobroe0@sohu.com', '+86 (512) 689-4055', 'receptionist');
insert into employee (employee_id, department_code, employee_fname, employee_lname, employee_address, employee_email, employee_phone, employee_designation) values ('d0', 'dc3', 'Paula', 'Boggas', '30 Di Loreto Road, 6th Floor', 'pboggas1@google.com.br', '+62 (941) 308-8057', 'senior doctor');
insert into employee (employee_id, department_code, employee_fname, employee_lname, employee_address, employee_email, employee_phone, employee_designation) values ('d1', 'dc1', 'Vasily', 'Scade', '92161 Chive Point, 4th Floor', 'vscade2@squarespace.com', '+62 (804) 374-8498', 'junior doctor');
insert into employee (employee_id, department_code, employee_fname, employee_lname, employee_address, employee_email, employee_phone, employee_designation) values ('r1', 'dc5', 'Esmeralda', 'Ropert', '60884 Rusk Drive, Apt 1602', 'eropert3@oaic.gov.au', '+86 (437) 712-2353', 'receptionist');
insert into employee (employee_id, department_code, employee_fname, employee_lname, employee_address, employee_email, employee_phone, employee_designation) values ('r2', 'dc5', 'Brok', 'Onthank', '8392 Forster Way, Room 1201', 'bonthank4@trellian.com', '+7 (473) 669-9641', 'receptionist');
insert into employee (employee_id, department_code, employee_fname, employee_lname, employee_address, employee_email, employee_phone, employee_designation) values ('d2', 'dc4', 'Inglis', 'Fowle', '43 Lakewood Lane, Apt 969', 'ifowle5@t.co', '+62 (132) 209-0368', 'senior doctor');
insert into employee (employee_id, department_code, employee_fname, employee_lname, employee_address, employee_email, employee_phone, employee_designation) values ('r3', 'dc5', 'Zane', 'Barz', '0504 Steensland Parkway, Room 1114', 'zbarz6@nifty.com', '+994 (853) 139-9082', 'receptionist');
insert into employee (employee_id, department_code, employee_fname, employee_lname, employee_address, employee_email, employee_phone, employee_designation) values ('d3', 'dc0', 'Gib', 'Sisselot', '03117 Prairie Rose Court, Suite 112', 'gsisselot7@stanford.edu', '+966 (638) 559-5197', 'senior doctor');
insert into employee (employee_id, department_code, employee_fname, employee_lname, employee_address, employee_email, employee_phone, employee_designation) values ('d4', 'dc2', 'Rennie', 'Arnull', '3878 Dryden Trail, Apt 772', 'rarnull8@dmoz.org', '+504 (836) 816-4756', 'senior doctor');
insert into employee (employee_id, department_code, employee_fname, employee_lname, employee_address, employee_email, employee_phone, employee_designation) values ('d5', 'dc1', 'Patton', 'Helversen', '22 Hoffman Way, 4th Floor', 'phelversen9@joomla.org', '+86 (434) 299-2954', 'senior doctor');
insert into employee (employee_id, department_code, employee_fname, employee_lname, employee_address, employee_email, employee_phone, employee_designation) values ('i0', 'dc6', 'Iorgo', 'Escala', '51545 Pepper Wood Parkway, 16th Floor', 'iescalaa@scribd.com', '+86 (628) 467-9744', 'inventory manager');

insert into appointment (appointment_id, patient_id, doctor_id, appointment_date, appointment_time, arrived) values ('a0', 'p7', 'd0', '2022-12-15', '15:24:32', FALSE);
insert into appointment (appointment_id, patient_id, doctor_id, appointment_date, appointment_time, arrived) values ('a1', 'p0', 'd4', '2023-06-25', '16:26:01', FALSE);
insert into appointment (appointment_id, patient_id, doctor_id, appointment_date, appointment_time, arrived) values ('a2', 'p25', 'd3', '2022-11-23', '14:33:37', TRUE);
insert into appointment (appointment_id, patient_id, doctor_id, appointment_date, appointment_time, arrived) values ('a3', 'p28', 'd5', '2023-05-05', '09:13:16', TRUE);
insert into appointment (appointment_id, patient_id, doctor_id, appointment_date, appointment_time, arrived) values ('a4', 'p29', 'd3', '2023-05-17', '16:35:00', TRUE);
insert into appointment (appointment_id, patient_id, doctor_id, appointment_date, appointment_time, arrived) values ('a5', 'p21', 'd3', '2023-05-15', '17:16:48', TRUE);
insert into appointment (appointment_id, patient_id, doctor_id, appointment_date, appointment_time, arrived) values ('a6', 'p16', 'd3', '2023-03-24', '14:30:57', TRUE);
insert into appointment (appointment_id, patient_id, doctor_id, appointment_date, appointment_time, arrived) values ('a7', 'p15', 'd5', '2023-04-09', '13:29:33', TRUE);
insert into appointment (appointment_id, patient_id, doctor_id, appointment_date, appointment_time, arrived) values ('a8', 'p2', 'd4', '2023-02-22', '13:46:28', TRUE);
insert into appointment (appointment_id, patient_id, doctor_id, appointment_date, appointment_time, arrived) values ('a9', 'p3', 'd2', '2023-09-01', '10:11:12', TRUE);
insert into appointment (appointment_id, patient_id, doctor_id, appointment_date, appointment_time, arrived) values ('a10', 'p6', 'd0', '2023-02-01', '13:25:12', TRUE);
insert into appointment (appointment_id, patient_id, doctor_id, appointment_date, appointment_time, arrived) values ('a11', 'p1', 'd2', '2023-01-24', '17:18:19', TRUE);
insert into appointment (appointment_id, patient_id, doctor_id, appointment_date, appointment_time, arrived) values ('a12', 'p4', 'd5', '2023-05-29', '13:01:41', TRUE);
insert into appointment (appointment_id, patient_id, doctor_id, appointment_date, appointment_time, arrived) values ('a13', 'p12', 'd1', '2023-02-25', '15:33:44', TRUE);
insert into appointment (appointment_id, patient_id, doctor_id, appointment_date, appointment_time, arrived) values ('a14', 'p8', 'd4', '2023-03-28', '16:29:40', TRUE);
insert into appointment (appointment_id, patient_id, doctor_id, appointment_date, appointment_time, arrived) values ('a15', 'p17', 'd5', '2023-05-15', '17:07:59', TRUE);
insert into appointment (appointment_id, patient_id, doctor_id, appointment_date, appointment_time, arrived) values ('a16', 'p3', 'd5', '2023-11-08', '12:41:04', TRUE);
insert into appointment (appointment_id, patient_id, doctor_id, appointment_date, appointment_time, arrived) values ('a17', 'p10', 'd0', '2023-10-19', '15:27:35', TRUE);
insert into appointment (appointment_id, patient_id, doctor_id, appointment_date, appointment_time, arrived) values ('a18', 'p1', 'd1', '2023-04-08', '09:54:43', TRUE);
insert into appointment (appointment_id, patient_id, doctor_id, appointment_date, appointment_time, arrived) values ('a19', 'p26', 'd0', '2023-07-18', '17:05:09', TRUE);
insert into appointment (appointment_id, patient_id, doctor_id, appointment_date, appointment_time, arrived) values ('a20', 'p17', 'd1', '2023-01-22', '09:21:12', TRUE);
insert into appointment (appointment_id, patient_id, doctor_id, appointment_date, appointment_time, arrived) values ('a21', 'p3', 'd1', '2022-12-11', '13:19:20', TRUE);
insert into appointment (appointment_id, patient_id, doctor_id, appointment_date, appointment_time, arrived) values ('a22', 'p18', 'd1', '2023-07-31', '09:20:19', TRUE);
insert into appointment (appointment_id, patient_id, doctor_id, appointment_date, appointment_time, arrived) values ('a23', 'p14', 'd5', '2023-03-10', '16:21:56', TRUE);
insert into appointment (appointment_id, patient_id, doctor_id, appointment_date, appointment_time, arrived) values ('a24', 'p9', 'd3', '2023-04-15', '12:47:47', FALSE);
insert into appointment (appointment_id, patient_id, doctor_id, appointment_date, appointment_time, arrived) values ('a25', 'p7', 'd3', '2022-12-09', '11:54:51', TRUE);
insert into appointment (appointment_id, patient_id, doctor_id, appointment_date, appointment_time, arrived) values ('a26', 'p19', 'd3', '2023-07-25', '11:37:36', TRUE);
insert into appointment (appointment_id, patient_id, doctor_id, appointment_date, appointment_time, arrived) values ('a27', 'p22', 'd3', '2023-09-15', '09:05:06', TRUE);
insert into appointment (appointment_id, patient_id, doctor_id, appointment_date, appointment_time, arrived) values ('a28', 'p11', 'd0', '2023-11-01', '12:01:00', TRUE);
insert into appointment (appointment_id, patient_id, doctor_id, appointment_date, appointment_time, arrived) values ('a29', 'p0', 'd4', '2023-09-21', '14:18:43', TRUE);

insert into medical_inventory (medicine_id, medicine_name, count, cost_per_dose, expiry_date) values ('m0', 'Amoxicillin', 11, 2.0, '2025-03-30');
insert into medical_inventory (medicine_id, medicine_name, count, cost_per_dose, expiry_date) values ('m1', 'Atorvastatin', 4, 1.52, '2025-05-05');
insert into medical_inventory (medicine_id, medicine_name, count, cost_per_dose, expiry_date) values ('m2', 'Atorvastatin', 0, 5.93, '2024-10-04');
insert into medical_inventory (medicine_id, medicine_name, count, cost_per_dose, expiry_date) values ('m3', 'Paracetamol', 28, 6.44, '2025-01-30');
insert into medical_inventory (medicine_id, medicine_name, count, cost_per_dose, expiry_date) values ('m4', 'Aspirin', 7, 2.18, '2025-02-28');
insert into medical_inventory (medicine_id, medicine_name, count, cost_per_dose, expiry_date) values ('m5', 'Aspirin', 15, 3.63, '2025-09-18');
insert into medical_inventory (medicine_id, medicine_name, count, cost_per_dose, expiry_date) values ('m6', 'Omeprazole', 10, 6.37, '2026-04-13');
insert into medical_inventory (medicine_id, medicine_name, count, cost_per_dose, expiry_date) values ('m7', 'Aspirin', 19, 6.4, '2025-11-20');
insert into medical_inventory (medicine_id, medicine_name, count, cost_per_dose, expiry_date) values ('m8', 'Simvastatin', 17, 2.4, '2025-06-03');
insert into medical_inventory (medicine_id, medicine_name, count, cost_per_dose, expiry_date) values ('m9', 'Lisinopril', 16, 3.6, '2025-03-30');
insert into medical_inventory (medicine_id, medicine_name, count, cost_per_dose, expiry_date) values ('m10', 'Amoxicillin', 29, 3.67, '2026-02-10');
insert into medical_inventory (medicine_id, medicine_name, count, cost_per_dose, expiry_date) values ('m11', 'Ibuprofen', 17, 5.12, '2024-10-02');
insert into medical_inventory (medicine_id, medicine_name, count, cost_per_dose, expiry_date) values ('m12', 'Metformin', 0, 3.33, '2024-11-28');
insert into medical_inventory (medicine_id, medicine_name, count, cost_per_dose, expiry_date) values ('m13', 'Omeprazole', 28, 2.19, '2025-09-18');
insert into medical_inventory (medicine_id, medicine_name, count, cost_per_dose, expiry_date) values ('m14', 'Paracetamol', 11, 2.51, '2025-11-29');
insert into medical_inventory (medicine_id, medicine_name, count, cost_per_dose, expiry_date) values ('m15', 'Lisinopril', 24, 2.31, '2025-03-25');
insert into medical_inventory (medicine_id, medicine_name, count, cost_per_dose, expiry_date) values ('m16', 'Amoxicillin', 6, 2.8, '2026-01-20');
insert into medical_inventory (medicine_id, medicine_name, count, cost_per_dose, expiry_date) values ('m17', 'Gabapentin', 20, 1.41, '2025-12-22');
insert into medical_inventory (medicine_id, medicine_name, count, cost_per_dose, expiry_date) values ('m18', 'Atorvastatin', 14, 5.62, '2025-01-25');
insert into medical_inventory (medicine_id, medicine_name, count, cost_per_dose, expiry_date) values ('m19', 'Metformin', 29, 6.0, '2025-05-13');
insert into medical_inventory (medicine_id, medicine_name, count, cost_per_dose, expiry_date) values ('m20', 'Lisinopril', 15, 5.42, '2026-02-13');
insert into medical_inventory (medicine_id, medicine_name, count, cost_per_dose, expiry_date) values ('m21', 'Omeprazole', 25, 4.91, '2025-08-15');
insert into medical_inventory (medicine_id, medicine_name, count, cost_per_dose, expiry_date) values ('m22', 'Gabapentin', 15, 2.47, '2025-08-22');
insert into medical_inventory (medicine_id, medicine_name, count, cost_per_dose, expiry_date) values ('m23', 'Ibuprofen', 1, 2.69, '2025-12-10');
insert into medical_inventory (medicine_id, medicine_name, count, cost_per_dose, expiry_date) values ('m24', 'Amoxicillin', 25, 2.17, '2025-07-14');
insert into medical_inventory (medicine_id, medicine_name, count, cost_per_dose, expiry_date) values ('m25', 'Ibuprofen', 3, 2.92, '2025-04-16');
insert into medical_inventory (medicine_id, medicine_name, count, cost_per_dose, expiry_date) values ('m26', 'Omeprazole', 19, 3.51, '2024-08-02');
insert into medical_inventory (medicine_id, medicine_name, count, cost_per_dose, expiry_date) values ('m27', 'Amoxicillin', 13, 6.75, '2025-01-03');
insert into medical_inventory (medicine_id, medicine_name, count, cost_per_dose, expiry_date) values ('m28', 'Ibuprofen', 20, 2.79, '2024-07-25');
insert into medical_inventory (medicine_id, medicine_name, count, cost_per_dose, expiry_date) values ('m29', 'Omeprazole', 12, 2.59, '2025-10-30');

insert into patient_medicine (patient_id, medicine_id, count, date_of_acquiry) values ('p14', 'm15', 7, null);
insert into patient_medicine (patient_id, medicine_id, count, date_of_acquiry) values ('p25', 'm10', 8, '2022-11-23 14:50:55');
insert into patient_medicine (patient_id, medicine_id, count, date_of_acquiry) values ('p21', 'm26', 3, '2023-05-15 17:41:12');
insert into patient_medicine (patient_id, medicine_id, count, date_of_acquiry) values ('p26', 'm18', 8, null);
insert into patient_medicine (patient_id, medicine_id, count, date_of_acquiry) values ('p18', 'm10', 8, null);
insert into patient_medicine (patient_id, medicine_id, count, date_of_acquiry) values ('p22', 'm4', 3, '2023-09-15 09:26:20');
insert into patient_medicine (patient_id, medicine_id, count, date_of_acquiry) values ('p26', 'm29', 5, '2023-07-18 17:49:23');
insert into patient_medicine (patient_id, medicine_id, count, date_of_acquiry) values ('p18', 'm10', 6, '2023-07-31 09:57:58');
insert into patient_medicine (patient_id, medicine_id, count, date_of_acquiry) values ('p6', 'm6', 10, '2023-02-01 13:48:34');
insert into patient_medicine (patient_id, medicine_id, count, date_of_acquiry) values ('p22', 'm11', 7, null);
insert into patient_medicine (patient_id, medicine_id, count, date_of_acquiry) values ('p11', 'm21', 8, '2023-11-01 12:35:00');
insert into patient_medicine (patient_id, medicine_id, count, date_of_acquiry) values ('p28', 'm17', 7, '2023-05-05 09:39:19');
insert into patient_medicine (patient_id, medicine_id, count, date_of_acquiry) values ('p16', 'm26', 10, '2023-03-24 15:08:30');
insert into patient_medicine (patient_id, medicine_id, count, date_of_acquiry) values ('p7', 'm9', 4, '2022-12-09 12:23:27');
insert into patient_medicine (patient_id, medicine_id, count, date_of_acquiry) values ('p24', 'm9', 7, null);
insert into patient_medicine (patient_id, medicine_id, count, date_of_acquiry) values ('p8', 'm26', 8, null);
insert into patient_medicine (patient_id, medicine_id, count, date_of_acquiry) values ('p7', 'm7', 7, null);
insert into patient_medicine (patient_id, medicine_id, count, date_of_acquiry) values ('p18', 'm14', 4, null);
insert into patient_medicine (patient_id, medicine_id, count, date_of_acquiry) values ('p15', 'm24', 1, '2023-04-09 14:09:59');
insert into patient_medicine (patient_id, medicine_id, count, date_of_acquiry) values ('p8', 'm27', 9, '2023-03-08 17:19:53');
insert into patient_medicine (patient_id, medicine_id, count, date_of_acquiry) values ('p17', 'm17', 7, '2023-05-15 17:55:37');
insert into patient_medicine (patient_id, medicine_id, count, date_of_acquiry) values ('p17', 'm9', 10, null);
insert into patient_medicine (patient_id, medicine_id, count, date_of_acquiry) values ('p29', 'm10', 10, '2023-05-17 16:59:59');
insert into patient_medicine (patient_id, medicine_id, count, date_of_acquiry) values ('p17', 'm12', 10, null);


insert into billing (billing_id, billing_amt, billing_gen_date, billing_paid_date, appointment_id) values ('b0', 20, '2022-11-23 14:33:37', '2022-11-23 14:58:26', 'a2');
insert into billing (billing_id, billing_amt, billing_gen_date, billing_paid_date, appointment_id) values ('b1', 20, '2023-05-05 09:13:16', '2023-05-05 09:39:56', 'a3');
insert into billing (billing_id, billing_amt, billing_gen_date, billing_paid_date, appointment_id) values ('b2', 20, '2023-05-17 16:35:00', null, 'a4');
insert into billing (billing_id, billing_amt, billing_gen_date, billing_paid_date, appointment_id) values ('b3', 20, '2023-05-15 17:16:48', '2023-05-15 17:43:18', 'a5');
insert into billing (billing_id, billing_amt, billing_gen_date, billing_paid_date, appointment_id) values ('b4', 20, '2023-03-24 14:30:57', '2023-03-24 14:55:03', 'a6');
insert into billing (billing_id, billing_amt, billing_gen_date, billing_paid_date, appointment_id) values ('b5', 20, '2023-04-09 13:29:33', null, 'a7');
insert into billing (billing_id, billing_amt, billing_gen_date, billing_paid_date, appointment_id) values ('b6', 20, '2023-02-22 13:46:28', null, 'a8');
insert into billing (billing_id, billing_amt, billing_gen_date, billing_paid_date, appointment_id) values ('b7', 20, '2023-09-01 10:11:12', '2023-09-01 10:45:36', 'a9');
insert into billing (billing_id, billing_amt, billing_gen_date, billing_paid_date, appointment_id) values ('b8', 20, '2023-02-01 13:25:12', '2023-02-01 13:58:02', 'a10');
insert into billing (billing_id, billing_amt, billing_gen_date, billing_paid_date, appointment_id) values ('b9', 20, '2023-01-24 17:18:19', null, 'a11');
insert into billing (billing_id, billing_amt, billing_gen_date, billing_paid_date, appointment_id) values ('b10', 20, '2023-05-29 13:01:41', null, 'a12');
insert into billing (billing_id, billing_amt, billing_gen_date, billing_paid_date, appointment_id) values ('b11', 20, '2023-02-25 15:33:44', null, 'a13');
insert into billing (billing_id, billing_amt, billing_gen_date, billing_paid_date, appointment_id) values ('b12', 20, '2023-03-28 16:29:40', '2023-03-28 16:54:47', 'a14');
insert into billing (billing_id, billing_amt, billing_gen_date, billing_paid_date, appointment_id) values ('b13', 20, '2023-05-15 17:07:59', '2023-05-15 17:36:04', 'a15');
insert into billing (billing_id, billing_amt, billing_gen_date, billing_paid_date, appointment_id) values ('b14', 20, '2023-11-08 12:41:04', '2023-11-08 13:11:45', 'a16');
insert into billing (billing_id, billing_amt, billing_gen_date, billing_paid_date, appointment_id) values ('b15', 20, '2023-10-19 15:27:35', null, 'a17');
insert into billing (billing_id, billing_amt, billing_gen_date, billing_paid_date, appointment_id) values ('b16', 20, '2023-04-08 09:54:43', null, 'a18');
insert into billing (billing_id, billing_amt, billing_gen_date, billing_paid_date, appointment_id) values ('b17', 20, '2023-07-18 17:05:09', null, 'a19');
insert into billing (billing_id, billing_amt, billing_gen_date, billing_paid_date, appointment_id) values ('b18', 20, '2023-01-22 09:21:12', null, 'a20');
insert into billing (billing_id, billing_amt, billing_gen_date, billing_paid_date, appointment_id) values ('b19', 20, '2022-12-11 13:19:20', null, 'a21');
insert into billing (billing_id, billing_amt, billing_gen_date, billing_paid_date, appointment_id) values ('b20', 20, '2023-07-31 09:20:19', null, 'a22');
insert into billing (billing_id, billing_amt, billing_gen_date, billing_paid_date, appointment_id) values ('b21', 20, '2023-03-10 16:21:56', null, 'a23');
insert into billing (billing_id, billing_amt, billing_gen_date, billing_paid_date, appointment_id) values ('b22', 20, '2022-12-09 11:54:51', null, 'a25');
insert into billing (billing_id, billing_amt, billing_gen_date, billing_paid_date, appointment_id) values ('b23', 20, '2023-07-25 11:37:36', '2023-07-25 12:04:33', 'a26');
insert into billing (billing_id, billing_amt, billing_gen_date, billing_paid_date, appointment_id) values ('b24', 20, '2023-09-15 09:05:06', '2023-09-15 09:55:46', 'a27');
insert into billing (billing_id, billing_amt, billing_gen_date, billing_paid_date, appointment_id) values ('b25', 20, '2023-11-01 12:01:00', '2023-11-01 12:01:00', 'a28');
insert into billing (billing_id, billing_amt, billing_gen_date, billing_paid_date, appointment_id) values ('b26', 20, '2023-09-21 14:18:43', null, 'a29');

insert into billing (billing_id, billing_amt, billing_gen_date, billing_paid_date, appointment_id) values ('b27', 29.36, '2022-11-23 14:50:55', '2022-11-23 14:52:55', 'a2');
insert into billing (billing_id, billing_amt, billing_gen_date, billing_paid_date, appointment_id) values ('b28', 10.53, '2023-05-15 17:41:12', '2023-05-15 17:42:42', 'a5');
insert into billing (billing_id, billing_amt, billing_gen_date, billing_paid_date, appointment_id) values ('b29', 6.54, '2023-09-15 09:26:20', null, 'a27');
insert into billing (billing_id, billing_amt, billing_gen_date, billing_paid_date, appointment_id) values ('b30', 12.95, '2023-07-18 17:49:23', null, 'a19');
insert into billing (billing_id, billing_amt, billing_gen_date, billing_paid_date, appointment_id) values ('b31', 22.02, '2023-07-31 09:57:58', null, 'a22');
insert into billing (billing_id, billing_amt, billing_gen_date, billing_paid_date, appointment_id) values ('b32', 63.7, '2023-02-01 13:48:34', '2023-02-01 13:49:57', 'a10');
insert into billing (billing_id, billing_amt, billing_gen_date, billing_paid_date, appointment_id) values ('b33', 39.28, '2023-11-01 12:35:00','2023-11-01 12:37:16', 'a28');
insert into billing (billing_id, billing_amt, billing_gen_date, billing_paid_date, appointment_id) values ('b34', 9.87, '2023-05-05 09:39:19', null, 'a3');
insert into billing (billing_id, billing_amt, billing_gen_date, billing_paid_date, appointment_id) values ('b35', 35.1, '2023-03-24 15:08:30', '2023-03-24 15:10:22', 'a6');
insert into billing (billing_id, billing_amt, billing_gen_date, billing_paid_date, appointment_id) values ('b36', 14.4, '2022-12-09 12:23:27', null, 'a25');
insert into billing (billing_id, billing_amt, billing_gen_date, billing_paid_date, appointment_id) values ('b37', 2.17, '2023-04-09 14:09:59', '2023-04-09 14:11:01', 'a7');
insert into billing (billing_id, billing_amt, billing_gen_date, billing_paid_date, appointment_id) values ('b38', 60.75, '2023-03-08 17:19:53', '2023-03-08 17:22:16', 'a14');
insert into billing (billing_id, billing_amt, billing_gen_date, billing_paid_date, appointment_id) values ('b39', 9.87, '2023-05-15 17:55:37', null, 'a15');
insert into billing (billing_id, billing_amt, billing_gen_date, billing_paid_date, appointment_id) values ('b40', 36.7, '2023-05-17 16:59:59', null, 'a4');